USE notare

-- Alle Datensätze löschen
DELETE FROM [USER001]
-- Neue Datensätze anlegen
INSERT INTO [USER001] ( ID001,USERNAME001,PWD001,FK002001,VORNAME001,NACHNAME001,TEL001,FAX001,EMAIL001,SYSTEM001,CREATE001,MODIFY001,CFROM001,MFROM001 ) 
VALUES ( '{31DA32E8-5B49-4871-A5F1-78E9E9EB326F}','ADMIN','admin',NULL,'Default','Administrator',NULL,NULL,NULL,-1,'25.09.2007 09:13:16','25.09.2007 09:13:16','wolterma','wolterma') 

-- Alle Datensätze löschen
DELETE FROM [OLG002]
-- Neue Datensätze anlegen
INSERT INTO [OLG002] ( ID002,OLGNAME002,OLGSTR002,OLGPLZ002,OLGORT002,OLGMAIL002,OLGTEL002,OLGFAX002,MODIFY002,CREATE002,MFROM002,CFROM002 ) 
VALUES ( '{26BBE7A5-C183-4273-8514-BE66676EA13B}','OLG Schleswig','Gottorfstr. 2','24837','Schleswig',NULL,NULL,NULL,NULL,NULL,NULL,NULL) 

-- Alle Datensätze löschen
DELETE FROM [LG003]
-- Neue Datensätze anlegen
INSERT INTO [LG003] ( ID003,LGNAME003,LGSTR003,LGPLZ003,LGORT003,LGMAIL003,LGTEL003,LGFAX003,FK002003,MODIFY003,CREATE003,MFROM003,CFROM003 ) 
VALUES ( '{EAE1BA93-1763-45B2-A3F3-187C78F86B19}','Lübeck','Am Burgfeld 7','23568','Lübeck','verwaltung@lg-luebeck.landsh.de','0451 371-0','0451 371-1519','{26BBE7A5-C183-4273-8514-BE66676EA13B}',NULL,NULL,NULL,NULL) 
INSERT INTO [LG003] ( ID003,LGNAME003,LGSTR003,LGPLZ003,LGORT003,LGMAIL003,LGTEL003,LGFAX003,FK002003,MODIFY003,CREATE003,MFROM003,CFROM003 ) 
VALUES ( '{360632EF-9ED7-4C73-97EF-36F4174B015B}','Kiel','Schützenwall 31-35','24114','Kiel','verwaltung@lg-kiel.landsh.de','0431 604-0','0432 604-1830','{26BBE7A5-C183-4273-8514-BE66676EA13B}',NULL,NULL,NULL,NULL) 
INSERT INTO [LG003] ( ID003,LGNAME003,LGSTR003,LGPLZ003,LGORT003,LGMAIL003,LGTEL003,LGFAX003,FK002003,MODIFY003,CREATE003,MFROM003,CFROM003 ) 
VALUES ( '{C1C4A3CE-50DA-43D4-BDBA-5F3E2EA48BB2}','Flensburg','Südergraben 22','24937','Flensburg','verwaltung@lg-flensburg.landsh.de','0461 89-0','0461 89-295','{26BBE7A5-C183-4273-8514-BE66676EA13B}',NULL,NULL,NULL,NULL) 
INSERT INTO [LG003] ( ID003,LGNAME003,LGSTR003,LGPLZ003,LGORT003,LGMAIL003,LGTEL003,LGFAX003,FK002003,MODIFY003,CREATE003,MFROM003,CFROM003 ) 
VALUES ( '{8C4052A0-E2E4-43F2-BE59-AF2AD2C19C74}','Itzehoe','Theodor-Heuss-Platz 3','25524','Itzehoe','poststelle@lg-itzehoe.landsh.de','04821 66-0','04821 66-1071','{26BBE7A5-C183-4273-8514-BE66676EA13B}',NULL,NULL,NULL,NULL) 

-- Alle Datensätze löschen
DELETE FROM [AG004]
-- Neue Datensätze anlegen
INSERT INTO [AG004] ( ID004,AGNAME004,AGSTR004,AGPLZ004,AGORT004,AGMAIL004,AGTEL004,AGFAX004,FK003004,MODIFY004,CREATE004,MFROM004,CFROM004 ) 
VALUES ( '{4E991D0A-7A25-48A0-922A-0335ED3F1583}','Husum','Theodor-Storm-Straße 5','25813','Husum',NULL,'04841 6930','04841 693100','{C1C4A3CE-50DA-43D4-BDBA-5F3E2EA48BB2}',NULL,NULL,NULL,NULL) 
INSERT INTO [AG004] ( ID004,AGNAME004,AGSTR004,AGPLZ004,AGORT004,AGMAIL004,AGTEL004,AGFAX004,FK003004,MODIFY004,CREATE004,MFROM004,CFROM004 ) 
VALUES ( '{320B6587-A13A-48EA-8254-0337009AE67B}','Bad Segeberg','Am Kalkberg 18','23795','Bad Segeberg',NULL,'04551 9000','04551 900190','{360632EF-9ED7-4C73-97EF-36F4174B015B}',NULL,NULL,NULL,NULL) 
INSERT INTO [AG004] ( ID004,AGNAME004,AGSTR004,AGPLZ004,AGORT004,AGMAIL004,AGTEL004,AGFAX004,FK003004,MODIFY004,CREATE004,MFROM004,CFROM004 ) 
VALUES ( '{F0CFEE7A-2D79-4FA5-A526-25B2E96FFCB5}','Itzehoe','Bergstraße 5 - 7','25524','Itzehoe',NULL,'04821 660','04821 662371','{8C4052A0-E2E4-43F2-BE59-AF2AD2C19C74}',NULL,NULL,NULL,NULL) 
INSERT INTO [AG004] ( ID004,AGNAME004,AGSTR004,AGPLZ004,AGORT004,AGMAIL004,AGTEL004,AGFAX004,FK003004,MODIFY004,CREATE004,MFROM004,CFROM004 ) 
VALUES ( '{A510CC53-A8EB-4B19-B804-29CACC8C1B9F}','Kiel','Deliusstraße 22','24114','Kiel',NULL,'0431 6040','0431 6042850','{360632EF-9ED7-4C73-97EF-36F4174B015B}',NULL,NULL,NULL,NULL) 
INSERT INTO [AG004] ( ID004,AGNAME004,AGSTR004,AGPLZ004,AGORT004,AGMAIL004,AGTEL004,AGFAX004,FK003004,MODIFY004,CREATE004,MFROM004,CFROM004 ) 
VALUES ( '{DF5AF8A4-0D5C-4868-8A5A-2E0E0435D147}','Ahrensburg','Königstraße 11','22926','Ahrensburg',NULL,'04102 5190','04102 519199','{EAE1BA93-1763-45B2-A3F3-187C78F86B19}',NULL,NULL,NULL,NULL) 
INSERT INTO [AG004] ( ID004,AGNAME004,AGSTR004,AGPLZ004,AGORT004,AGMAIL004,AGTEL004,AGFAX004,FK003004,MODIFY004,CREATE004,MFROM004,CFROM004 ) 
VALUES ( '{A02BE312-99A5-4888-9257-30187AB45D3C}','Pinneberg','Bahnhofstraße 17','25421','Pinneberg',NULL,'04101 5030','04101 503262','{8C4052A0-E2E4-43F2-BE59-AF2AD2C19C74}',NULL,NULL,NULL,NULL) 
INSERT INTO [AG004] ( ID004,AGNAME004,AGSTR004,AGPLZ004,AGORT004,AGMAIL004,AGTEL004,AGFAX004,FK003004,MODIFY004,CREATE004,MFROM004,CFROM004 ) 
VALUES ( '{49C6739A-7F70-463D-9C83-40D49C5F304A}','Flensburg','Südergraben 22','24937','Flensburg',NULL,'0461 890','0461 89434','{C1C4A3CE-50DA-43D4-BDBA-5F3E2EA48BB2}',NULL,NULL,NULL,NULL) 
INSERT INTO [AG004] ( ID004,AGNAME004,AGSTR004,AGPLZ004,AGORT004,AGMAIL004,AGTEL004,AGFAX004,FK003004,MODIFY004,CREATE004,MFROM004,CFROM004 ) 
VALUES ( '{C9799453-6A06-436F-8FF1-439612EF1990}','Eckernförde','Reeperbahn 45 - 47','24340','Eckernförde',NULL,'04351 7153','04351 715480','{360632EF-9ED7-4C73-97EF-36F4174B015B}',NULL,NULL,NULL,NULL) 
INSERT INTO [AG004] ( ID004,AGNAME004,AGSTR004,AGPLZ004,AGORT004,AGMAIL004,AGTEL004,AGFAX004,FK003004,MODIFY004,CREATE004,MFROM004,CFROM004 ) 
VALUES ( '{97A0DF65-FB65-46AB-A5FC-551BF3C3890A}','Meldorf','Domstraße 1','25704','Meldorf',NULL,'04832 870','04832 871111','{8C4052A0-E2E4-43F2-BE59-AF2AD2C19C74}',NULL,NULL,NULL,NULL) 
INSERT INTO [AG004] ( ID004,AGNAME004,AGSTR004,AGPLZ004,AGORT004,AGMAIL004,AGTEL004,AGFAX004,FK003004,MODIFY004,CREATE004,MFROM004,CFROM004 ) 
VALUES ( '{EF49FF6E-712F-4B20-9BE4-5CABEAE61CBD}','Norderstedt','Rathausallee 80','22846','Norderstedt',NULL,'040 526060','040 52606222','{360632EF-9ED7-4C73-97EF-36F4174B015B}',NULL,NULL,NULL,NULL) 
INSERT INTO [AG004] ( ID004,AGNAME004,AGSTR004,AGPLZ004,AGORT004,AGMAIL004,AGTEL004,AGFAX004,FK003004,MODIFY004,CREATE004,MFROM004,CFROM004 ) 
VALUES ( '{ED43EF15-09E2-453F-8B09-5D0FF8860941}','Niebüll','Sylter Bogen 1a','25899','Niebüll',NULL,'04661 6090','04661 609232','{C1C4A3CE-50DA-43D4-BDBA-5F3E2EA48BB2}',NULL,NULL,NULL,NULL) 
INSERT INTO [AG004] ( ID004,AGNAME004,AGSTR004,AGPLZ004,AGORT004,AGMAIL004,AGTEL004,AGFAX004,FK003004,MODIFY004,CREATE004,MFROM004,CFROM004 ) 
VALUES ( '{0D55CE7B-B22F-4AFC-8875-84CB39962605}','Schleswig','Lollfuß 78','24837','Schleswig',NULL,'04621 8150','04621 815311','{C1C4A3CE-50DA-43D4-BDBA-5F3E2EA48BB2}',NULL,NULL,NULL,NULL) 
INSERT INTO [AG004] ( ID004,AGNAME004,AGSTR004,AGPLZ004,AGORT004,AGMAIL004,AGTEL004,AGFAX004,FK003004,MODIFY004,CREATE004,MFROM004,CFROM004 ) 
VALUES ( '{2B3C7BAA-BCED-4ACF-89D6-A9C4E22349EB}','Ratzeburg','Herrenstraße 11','23909','Ratzeburg',NULL,'04541 86330','04541 863380','{EAE1BA93-1763-45B2-A3F3-187C78F86B19}',NULL,NULL,NULL,NULL) 
INSERT INTO [AG004] ( ID004,AGNAME004,AGSTR004,AGPLZ004,AGORT004,AGMAIL004,AGTEL004,AGFAX004,FK003004,MODIFY004,CREATE004,MFROM004,CFROM004 ) 
VALUES ( '{5137FF05-2C44-4A0F-BB82-AA6B9AA33017}','Schwarzenbek','Möllner Straße 20','21493','Schwarzenbek',NULL,'04151 8020','04151 802299','{EAE1BA93-1763-45B2-A3F3-187C78F86B19}',NULL,NULL,NULL,NULL) 
INSERT INTO [AG004] ( ID004,AGNAME004,AGSTR004,AGPLZ004,AGORT004,AGMAIL004,AGTEL004,AGFAX004,FK003004,MODIFY004,CREATE004,MFROM004,CFROM004 ) 
VALUES ( '{D1909070-5D37-40DA-ACAF-ADF066F2E742}','Lübeck','Am Burgfeld 7','23568','Lübeck',NULL,'0451 3710','0451 3711523','{EAE1BA93-1763-45B2-A3F3-187C78F86B19}',NULL,NULL,NULL,NULL) 
INSERT INTO [AG004] ( ID004,AGNAME004,AGSTR004,AGPLZ004,AGORT004,AGMAIL004,AGTEL004,AGFAX004,FK003004,MODIFY004,CREATE004,MFROM004,CFROM004 ) 
VALUES ( '{F0F24263-D58B-41EF-8110-CC9C30AC316C}','Elmshorn','Bismarckstraße 8','25335','Elmshorn',NULL,'04121 2320','04121 232444','{8C4052A0-E2E4-43F2-BE59-AF2AD2C19C74}',NULL,NULL,NULL,NULL) 
INSERT INTO [AG004] ( ID004,AGNAME004,AGSTR004,AGPLZ004,AGORT004,AGMAIL004,AGTEL004,AGFAX004,FK003004,MODIFY004,CREATE004,MFROM004,CFROM004 ) 
VALUES ( '{396DDCD6-ED80-41D3-BE67-D64ADB0E86E6}','Oldenburg','Göhler Straße 90','23758','Oldenburg',NULL,'04361 6240','04361 80576','{EAE1BA93-1763-45B2-A3F3-187C78F86B19}',NULL,NULL,NULL,NULL) 
INSERT INTO [AG004] ( ID004,AGNAME004,AGSTR004,AGPLZ004,AGORT004,AGMAIL004,AGTEL004,AGFAX004,FK003004,MODIFY004,CREATE004,MFROM004,CFROM004 ) 
VALUES ( '{3719824D-61AE-4099-8E5E-E3591C2DA4F2}','Plön','Lütjenburger Straße 48','24306','Plön',NULL,'04522 7450','04522 745198','{360632EF-9ED7-4C73-97EF-36F4174B015B}',NULL,NULL,NULL,NULL) 
INSERT INTO [AG004] ( ID004,AGNAME004,AGSTR004,AGPLZ004,AGORT004,AGMAIL004,AGTEL004,AGFAX004,FK003004,MODIFY004,CREATE004,MFROM004,CFROM004 ) 
VALUES ( '{6BB34C81-2F4A-4793-8CA2-ED8C600F322F}','Neumünster','Boostedter Straße 26','24534','Neumünster',NULL,'04321 9400','04321 040299','{360632EF-9ED7-4C73-97EF-36F4174B015B}',NULL,NULL,NULL,NULL) 
INSERT INTO [AG004] ( ID004,AGNAME004,AGSTR004,AGPLZ004,AGORT004,AGMAIL004,AGTEL004,AGFAX004,FK003004,MODIFY004,CREATE004,MFROM004,CFROM004 ) 
VALUES ( '{1C1F71B1-6680-4E44-976D-FC9A2CC2523F}','Reinbek','Parkallee 6','21465','Reinbek',NULL,'040 727590','040 72759115','{EAE1BA93-1763-45B2-A3F3-187C78F86B19}',NULL,NULL,NULL,NULL) 
INSERT INTO [AG004] ( ID004,AGNAME004,AGSTR004,AGPLZ004,AGORT004,AGMAIL004,AGTEL004,AGFAX004,FK003004,MODIFY004,CREATE004,MFROM004,CFROM004 ) 
VALUES ( '{2455C611-C4AF-4D37-A17C-FE620EBAA1DE}','Eutin','Jungfernstieg 3','23701','Eutin',NULL,'04521 7056','04521 705700','{EAE1BA93-1763-45B2-A3F3-187C78F86B19}',NULL,NULL,NULL,NULL) 
INSERT INTO [AG004] ( ID004,AGNAME004,AGSTR004,AGPLZ004,AGORT004,AGMAIL004,AGTEL004,AGFAX004,FK003004,MODIFY004,CREATE004,MFROM004,CFROM004 ) 
VALUES ( '{FE5C9AB7-D5E9-4342-9BDA-FFA04431762A}','Rendsburg','Königstraße 17','24768','Rendsburg',NULL,'04331 1390','04331 139200','{360632EF-9ED7-4C73-97EF-36F4174B015B}',NULL,NULL,NULL,NULL) 

-- Alle Datensätze löschen
DELETE FROM [VALUES015]
-- Neue Datensätze anlegen
INSERT INTO [VALUES015] ( ID015,Fieldname015,Order015,Value015,UseValue015,DestField015 ) 
VALUES ( '{7A1AF940-3E44-40E4-B6B3-03198295542A}','Aktenort017',0,'Fristenfach',NULL,NULL) 
INSERT INTO [VALUES015] ( ID015,Fieldname015,Order015,Value015,UseValue015,DestField015 ) 
VALUES ( '{F8DDDE91-209C-4B2F-9C7E-1C0E7391A48F}','TITEL010',1,'Dr.',NULL,NULL)  
INSERT INTO [VALUES015] ( ID015,Fieldname015,Order015,Value015,UseValue015,DestField015 ) 
VALUES ( '{B3A06363-1878-400B-8C03-2D4C2B25470C}','STATUS010',1,'Notar',NULL,NULL) 
INSERT INTO [VALUES015] ( ID015,Fieldname015,Order015,Value015,UseValue015,DestField015 ) 
VALUES ( '{823AD464-673A-4121-A065-6D70821D65F4}','ANREDE010',1,'Herr',NULL,NULL) 
INSERT INTO [VALUES015] ( ID015,Fieldname015,Order015,Value015,UseValue015,DestField015 ) 
VALUES ( '{3812F2C6-CE94-4915-82AA-724D6C013C23}','TITEL010',3,'Dr. Prof.',NULL,NULL) 
INSERT INTO [VALUES015] ( ID015,Fieldname015,Order015,Value015,UseValue015,DestField015 ) 
VALUES ( '{938F2B16-F429-4D70-BD02-8C7070CBE0E8}','TITEL010',0,NULL,NULL,NULL) 
INSERT INTO [VALUES015] ( ID015,Fieldname015,Order015,Value015,UseValue015,DestField015 ) 
VALUES ( '{77A93FD8-3BC9-40E0-A0B0-8D74470DF9DB}','STATUS010',3,'a. D.',NULL,NULL) 
INSERT INTO [VALUES015] ( ID015,Fieldname015,Order015,Value015,UseValue015,DestField015 ) 
VALUES ( '{87509D65-4B72-4F4C-BA4C-90018463E576}','STATUS010',2,'ausgeschieden',NULL,NULL) 
INSERT INTO [VALUES015] ( ID015,Fieldname015,Order015,Value015,UseValue015,DestField015 ) 
VALUES ( '{218F612F-CFD6-42A0-8B5D-9286AAFDCCCA}','Aktenort017',1,'Archiv',NULL,NULL) 
INSERT INTO [VALUES015] ( ID015,Fieldname015,Order015,Value015,UseValue015,DestField015 ) 
VALUES ( '{06F0F86F-DF96-4536-9B78-980CC04D6628}','TITEL010',2,'Prof.',NULL,NULL) 
INSERT INTO [VALUES015] ( ID015,Fieldname015,Order015,Value015,UseValue015,DestField015 ) 
VALUES ( '{011FCAD2-44B6-4955-A24F-C1F96A93C619}','ANREDE010',2,'Frau',NULL,NULL) 
INSERT INTO [VALUES015] ( ID015,Fieldname015,Order015,Value015,UseValue015,DestField015 ) 
VALUES ( '{B8D4BB1A-8A27-40AC-806B-C76290EB346C}','STATUS010',0,'Bewerber',NULL,NULL) 
INSERT INTO [VALUES015] ( ID015,Fieldname015,Order015,Value015,UseValue015,DestField015 ) 
VALUES ( '{4470F5AA-4BB9-4D2C-8C3E-D6B2A93EBBFF}','ANREDE010',0,NULL,NULL,NULL) 
INSERT INTO [VALUES015] ( ID015,Fieldname015,Order015,Value015,UseValue015,DestField015 ) 
VALUES ( '{3CBADD6A-7B1D-487F-8764-EDC2C89E0AA8}','STATUS010',4,'unbekannt',NULL,NULL) 

-- Alle Datensätze löschen
DELETE FROM [BERECHNUNGEN016]
-- Neue Datensätze anlegen
INSERT INTO [BERECHNUNGEN016] ( ID016,FAKTOR016,VALUETYPE016,ORDER016,MAXWERT016,CAPTION016,CAPTIONSQL016,VALUESQL016,MAXVALUE016,LOCKED016,SAVEFIELD016,PUNKTESAVEFIELD016 ) 
VALUES ( '{96EBFC16-CA87-48E5-9CD9-16E821433EB2}',0.6,'float',2,NULL,'2. Note der notariellen Fachprüfung',NULL,NULL,18,0,'PUNKTE02013','PUNKTE04013') 
INSERT INTO [BERECHNUNGEN016] ( ID016,FAKTOR016,VALUETYPE016,ORDER016,MAXWERT016,CAPTION016,CAPTIONSQL016,VALUESQL016,MAXVALUE016,LOCKED016,SAVEFIELD016,PUNKTESAVEFIELD016 ) 
VALUES ( '{5EF32ADF-5AF4-46FE-AB85-550A1479B9DE}',0.4,'float',1,NULL,'1. Note Große Jur.Staatsprüfung',NULL,NULL,18,0,'PUNKTE01013','PUNKTE03013') 
INSERT INTO [BERECHNUNGEN016] ( ID016,FAKTOR016,VALUETYPE016,ORDER016,MAXWERT016,CAPTION016,CAPTIONSQL016,VALUESQL016,MAXVALUE016,LOCKED016,SAVEFIELD016,PUNKTESAVEFIELD016 ) 
VALUES ( '{44C096EA-A73F-4C1E-958E-C097C6B4E5DD}',0,'float',3,NULL,'Summe',NULL,NULL,NULL,-1,NULL,'PUNKTESUM013') 

